Mcalexander	Jarrett	jarrett.mcalexander.19
Spohn	Virgie	virgie.spohn.19
Venzon	Miguelina	miguelina.venzon.19
Giberson	Jasper	jasper.giberson.19
Scianna	Kai	kai.scianna.19
Bonham	Kizzie	kizzie.bonham.19
Kanner	Majorie	majorie.kanner.19
Erikson	Clora	clora.erikson.19
Shepardson	Lyda	lyda.shepardson.19
Millar	Beverlee	beverlee.millar.19
Giordano	Oda	oda.giordano.19
Pollitt	Jo	jo.pollitt.19
Pelchat	Iesha	iesha.pelchat.19
Phinney	Lanora	lanora.phinney.19
Vallejo	Ria	ria.vallejo.19
Roiger	Charisse	charisse.roiger.19
Francoeur	Theola	theola.francoeur.19
Gutierrez	Roxie	roxie.gutierrez.19
Crossland	Kathryn	kathryn.crossland.19
Cato	Jaime	jaime.cato.19
Belfield	Alecia	alecia.belfield.19
Belle	Nicolette	nicolette.belle.19
Elks	Lu	lu.elks.19
Stermer	Joanie	joanie.stermer.19
Severa	Daron	daron.severa.19
