Lemanski	Kara	kara.lemanski.19
Aikin	Clifford	clifford.aikin.19
Trivedi	Buena	buena.trivedi.19
Mattes	Lacy	lacy.mattes.19
Monks	Keven	keven.monks.19
Taniguchi	Allie	allie.taniguchi.19
Murrell	Iesha	iesha.murrell.19
Hallam	Mandie	mandie.hallam.19
Ellery	Melvin	melvin.ellery.19
Lank	Scottie	scottie.lank.19
Castelli	Sanda	sanda.castelli.19
Truesdale	Ludie	ludie.truesdale.19
Durr	Kerri	kerri.durr.19
Goss	Donnetta	donnetta.goss.19
Aumick	Magaret	magaret.aumick.19
Tardiff	Tatiana	tatiana.tardiff.19
Guess	Gilma	gilma.guess.19
Willems	Winfred	winfred.willems.19
Mahr	Marchelle	marchelle.mahr.19
Dries	Ivana	ivana.dries.19
Busse	Laquita	laquita.busse.19
Sward	Tawanda	tawanda.sward.19
Byer	Lekisha	lekisha.byer.19
Neitzel	Velva	velva.neitzel.19
Wasser	Taylor	taylor.wasser.19
Dunstan	Conception	conception.dunstan.19
Moshier	Sherwood	sherwood.moshier.19
Cothran	Elizabeth	elizabeth.cothran.19
Grill	Izetta	izetta.grill.19
Ogren	Irwin	irwin.ogren.19
